{"name":"GamesPerPlatform","identifier":"OYRJDAAAVY","description":"Devuelve los 6 videojuegos más vendidos por consola","parentIntentSignature":null,"sampleUtterances":[{"utterance":"Give me the top-selling {Consola} games"},{"utterance":"I want to know what games sold the most in {Consola}"},{"utterance":"Tell me the best selling games on the {Consola}"},{"utterance":"I wanna know the best selling games of the {Consola}"},{"utterance":"I want to know the best selling games of the {Consola}"},{"utterance":"What were the games that sold the most in {Consola} ?"},{"utterance":"What are the games that have sold the most in {Consola} ?"},{"utterance":"What were the best-selling {Consola} games?"},{"utterance":"Give me the games that sold the most on {Consola}"},{"utterance":"Tell me the games that sold the most on {Consola}"},{"utterance":"What games sold the most in {Consola} ?"}],"intentConfirmationSetting":{"isActive":false,"declinationResponse":{"allowInterrupt":true,"messageGroupsList":[{"message":{"imageResponseCard":null,"ssmlMessage":null,"customPayload":null,"plainTextMessage":{"value":"wqwqw"}},"variations":null}]},"promptSpecification":{"allowInterrupt":true,"messageGroupsList":[{"message":{"imageResponseCard":null,"ssmlMessage":null,"customPayload":null,"plainTextMessage":{"value":"wqwqw"}},"variations":null}],"maxRetries":4,"messageSelectionStrategy":"Random"}},"intentClosingSetting":{"isActive":false,"closingResponse":{"allowInterrupt":true,"messageGroupsList":[{"message":{"imageResponseCard":null,"ssmlMessage":null,"customPayload":null,"plainTextMessage":{"value":"wqwqwq"}},"variations":null}]}},"inputContexts":null,"outputContexts":null,"kendraConfiguration":null,"dialogCodeHook":null,"fulfillmentCodeHook":{"fulfillmentUpdatesSpecification":null,"postFulfillmentStatusSpecification":{"failureResponse":null,"timeoutResponse":null,"successResponse":{"allowInterrupt":true,"messageGroupsList":[{"message":{"imageResponseCard":null,"ssmlMessage":null,"customPayload":null,"plainTextMessage":{"value":"Quieres saber sobre los videojuegos más vendido en {Consola}, no?"}},"variations":null}]}},"enabled":true},"slotPriorities":[{"priority":1,"slotName":"Consola"}]}