[
  {
    "value": "Wii",
    "synonyms": [
      "Wii",
      "Nintendo Wii",
      "the Wii",
      "wii",
      "Nintendo Revolution",
      "RVL"
    ]
  },
  {
    "value": "NS",
    "synonyms": [
      "NS",
      "Switch",
      "Nintendo Switch",
      "Nintendo NX"
    ]
  },
  {
    "value": "NES",
    "synonyms": [
      "NES",
      "Nintendo Entertainment System",
      "Nintendo NES",
      "Famicom",
      "Family Computer",
      "nes"
    ]
  },
  {
    "value": "PC",
    "synonyms": [
      "PC",
      "Personal computer",
      "laptop",
      "computer",
      "my little war machine"
    ]
  },
  {
    "value": "GB",
    "synonyms": [
      "GB",
      "Game Boy",
      "Nintendo Game boy"
    ]
  },
  {
    "value": "DS",
    "synonyms": [
      "DS",
      "Nintendo DS",
      "DS Lite",
      "DSi",
      "DSi XL",
      "Nintendo DS Lite",
      "Nintendo DSi",
      "Nintendo DSi XL",
      "La maquinita"
    ]
  },
  {
    "value": "X360",
    "synonyms": [
      "X360",
      "Xbox 360",
      "xbox 360",
      "Xbox 360 Core",
      "Xbox 360 Arcade",
      "Xbox 360 Elite",
      "Xbox 360 S",
      "Xbox 360 E",
      "Xbox 360 Pro"
    ]
  },
  {
    "value": "SNES",
    "synonyms": [
      "SNES",
      "snes",
      "Super Nintendo Entertainment System",
      "Super NES",
      "Super Nintendo"
    ]
  },
  {
    "value": "PS3",
    "synonyms": [
      "PS3",
      "PlayStation 3",
      "Play 3",
      "Sony PlayStation 3",
      "Sony Play 3"
    ]
  },
  {
    "value": "PS4",
    "synonyms": [
      "PS4",
      "PlayStation 4",
      "Play 4",
      "Sony PlayStation 4",
      "Sony Play 4"
    ]
  },
  {
    "value": "3DS",
    "synonyms": [
      "3DS",
      "Nintendo 3DS",
      "Nintendo 3DS XL",
      "Nintendo 2DS",
      "New Nintendo 3DS",
      "New Nintendo 3DS XL",
      "New Nintendo 2DS XL",
      "3DS XL",
      "2DS",
      "New 3DS",
      "New 3DS XL",
      "New 2DS XL"
    ]
  },
  {
    "value": "PS2",
    "synonyms": [
      "PS2",
      "PlayStation 2",
      "Sony PlayStation 2",
      "PS2 Slim",
      "PlayStation 2 Slim",
      "Play 2"
    ]
  },
  {
    "value": "GBA",
    "synonyms": [
      "GBA",
      "Game Boy Advance",
      "Nintendo Game Boy Advance",
      "Game Boy Advance SP",
      "Game Boy Micro",
      "Gameboy advance",
      "Gameboy Advance sp"
    ]
  },
  {
    "value": "GEN",
    "synonyms": [
      "GEN",
      "Sega Genesis",
      "Mega Drive",
      "Sega Mega Drive",
      "Genesis"
    ]
  },
  {
    "value": "N64",
    "synonyms": [
      "N64",
      "Nintendo 64",
      "Project Reality",
      "Ultra 64"
    ]
  },
  {
    "value": "PS",
    "synonyms": [
      "PS",
      "PS1",
      "PlayStation",
      "PS One",
      "PSone",
      "PSX",
      "Sony PlayStation",
      "PlayStation 1",
      "Play 1",
      "Play X"
    ]
  },
  {
    "value": "XOne",
    "synonyms": [
      "XOne",
      "Xbox One",
      "Xbox One S",
      "Xbox One X"
    ]
  },
  {
    "value": "WiiU",
    "synonyms": [
      "WiiU",
      "Wii U",
      "Nintendo Wii U",
      "Project Café"
    ]
  },
  {
    "value": "XB",
    "synonyms": [
      "XB",
      "Xbox",
      "xbox"
    ]
  },
  {
    "value": "PSP",
    "synonyms": [
      "PSP",
      "PlayStation Portable",
      "Sony  PlayStation Portable",
      "Playstation portable",
      "PSP Go",
      "PSP Street"
    ]
  },
  {
    "value": "2600",
    "synonyms": [
      "2600",
      "Atari 2600",
      "Atari Video Computer System",
      "Atari VCS"
    ]
  },
  {
    "value": "GC",
    "synonyms": [
      "GC",
      "gamecube",
      "Nintendo GameCube",
      "GameCube",
      "Dolphin",
      "Project Dolphin"
    ]
  },
  {
    "value": "GBC",
    "synonyms": [
      "GBC",
      "gameboy color",
      "Game Boy Color",
      "Nintendo Game Boy Color"
    ]
  },
  {
    "value": "iOS",
    "synonyms": [
      "iOS",
      "iPhone OS",
      "iPhone Operating System",
      "iPhone",
      "iPad",
      "Apple"
    ]
  },
  {
    "value": "PSN",
    "synonyms": [
      "PSN",
      "playstation network",
      "PlayStation Network",
      "psn"
    ]
  },
  {
    "value": "PSV",
    "synonyms": [
      "PSV",
      "PlayStation Vita",
      "PS Vita",
      "Vita",
      "psvita"
    ]
  },
  {
    "value": "DC",
    "synonyms": [
      "Dreamcast",
      "Sega Dreamcast",
      "dreamcast"
    ]
  },
  {
    "value": "Int",
    "synonyms": [
      "Intellivision",
      "intellivision",
      "Mattel Intellivision"
    ]
  },
  {
    "value": "XBL",
    "synonyms": [
      "XBL",
      "Xbox Live",
      "Xbox network"
    ]
  },
  {
    "value": "SCD",
    "synonyms": [
      "Sega CD",
      "Mega-CD",
      "sega cd",
      "mega cd"
    ]
  },
  {
    "value": "SAT",
    "synonyms": [
      "Saturn",
      "Sega Saturn",
      "sega saturn"
    ]
  },
  {
    "value": "PS5",
    "synonyms": [
      "PS5",
      "Sony PlayStation 5",
      "PlayStation 5",
      "Play 5"
    ]
  },
  {
    "value": "XS",
    "synonyms": [
      "Xbox Series X",
      "Xbox Series S",
      "Xbox Series",
      "Series X",
      "Series S",
      "Xbox X"
    ]
  }
]