[
  {
    "value": "Action",
    "synonyms": [
      "Action",
      "action games",
      "survival games",
      "hack and slash",
      "beat em up",
      "beat \u0027em up",
      "hack \u0027n slash"
    ]
  },
  {
    "value": "Action-Adventure",
    "synonyms": [
      "Action-Adventure",
      "action adventure games",
      "metroidvania",
      "action and adventure",
      "action \u0026 adventure"
    ]
  },
  {
    "value": "Adventure",
    "synonyms": [
      "Adventure",
      "adventure games",
      "graphic adventures",
      "visual novels"
    ]
  },
  {
    "value": "Fighting",
    "synonyms": [
      "Fighting",
      "fighting games",
      "versus fighting games",
      "versus"
    ]
  },
  {
    "value": "Misc",
    "synonyms": [
      "Misc"
    ]
  },
  {
    "value": "MMO",
    "synonyms": [
      "MMO",
      "mmo game",
      "mmog",
      "massively multiplayer online game"
    ]
  },
  {
    "value": "Music",
    "synonyms": [
      "Music",
      "musical games",
      "dance games",
      "Rhythm game"
    ]
  },
  {
    "value": "Party",
    "synonyms": [
      "Party",
      "mini games",
      "party games",
      "el smash"
    ]
  },
  {
    "value": "Platform",
    "synonyms": [
      "Platform",
      "platform games",
      "platformers",
      "climbing game"
    ]
  },
  {
    "value": "Puzzle",
    "synonyms": [
      "Puzzle",
      "puzzle games"
    ]
  },
  {
    "value": "Racing",
    "synonyms": [
      "Racing",
      "racing games",
      "racing simulators",
      "racing sim",
      "car games"
    ]
  },
  {
    "value": "Role-Playing",
    "synonyms": [
      "Role-Playing",
      "role playing games",
      "roleplaying games",
      "roleplay",
      "roleplaying",
      "dungeons and dragons",
      "rpg",
      "action rpg",
      "roguelike",
      "JRPG"
    ]
  },
  {
    "value": "Sandbox",
    "synonyms": [
      "Sandbox",
      "sandbox games",
      "open-world games",
      "open world games",
      "creative",
      "creative games",
      "open world"
    ]
  },
  {
    "value": "Shooter",
    "synonyms": [
      "Shooter",
      "shooter games",
      "shooters",
      "shoot \u0027em up"
    ]
  },
  {
    "value": "Simulation",
    "synonyms": [
      "Simulation",
      "simulation games",
      "cms",
      "construction and management sim",
      "construction and management simulators",
      "simulators",
      "city building",
      "life sumulator game",
      "life sim"
    ]
  },
  {
    "value": "Sports",
    "synonyms": [
      "Sports",
      "sports games"
    ]
  },
  {
    "value": "Strategy",
    "synonyms": [
      "Strategy",
      "strategy games",
      "4x games",
      "auto chess",
      "MOBA",
      "RTS",
      "real time strategy",
      "tower defense",
      "turn base strategy",
      "TBS",
      "wargame"
    ]
  }
]