[
  {
    "value": "Sony",
    "synonyms": [
      "Sony",
      "sony",
      "Sony computer Entertainment",
      "Sony Interactive Entertainment"
    ]
  },
  {
    "value": "Rockstar",
    "synonyms": [
      "Rockstar Games",
      "Rockstar"
    ]
  },
  {
    "value": "Nintendo",
    "synonyms": [
      "Nintendo",
      "nintendo"
    ]
  },
  {
    "value": "Electronic Arts",
    "synonyms": [
      "Electronic Arts",
      "EA"
    ]
  },
  {
    "value": "Activision",
    "synonyms": [
      "Activision"
    ]
  },
  {
    "value": "Bethesda",
    "synonyms": [
      "Bethesda Softworks",
      "bethesda"
    ]
  },
  {
    "value": "EA Sports",
    "synonyms": [
      "EA Sports",
      "ea sports"
    ]
  },
  {
    "value": "Sega",
    "synonyms": [
      "Sega",
      "sega"
    ]
  },
  {
    "value": "Square Enix",
    "synonyms": [
      "Square Enix"
    ]
  },
  {
    "value": "Ubisoft",
    "synonyms": [
      "Ubisoft",
      "ubisoft"
    ]
  },
  {
    "value": "THQ",
    "synonyms": [
      "THQ",
      "thq"
    ]
  },
  {
    "value": "Disney",
    "synonyms": [
      "Disney Interactive Studios",
      "Disney"
    ]
  },
  {
    "value": "Codemasters",
    "synonyms": [
      "Codemasters",
      "codemasters"
    ]
  },
  {
    "value": "Konami",
    "synonyms": [
      "Konami"
    ]
  },
  {
    "value": "2K",
    "synonyms": [
      "2K",
      "2k games"
    ]
  },
  {
    "value": "Capcom",
    "synonyms": [
      "Capcom",
      "capcom"
    ]
  },
  {
    "value": "Warner Bros.",
    "synonyms": [
      "Warner Bros.",
      "warner"
    ]
  },
  {
    "value": "Namco",
    "synonyms": [
      "Namco",
      "Bandai Namco"
    ]
  },
  {
    "value": "LucasArts",
    "synonyms": [
      "LucasArts",
      "lucasarts"
    ]
  },
  {
    "value": "Number None",
    "synonyms": [
      "Numbre None",
      "number none"
    ]
  },
  {
    "value": "Devolver Digital",
    "synonyms": [
      "Devolver Digital",
      "Devolver"
    ]
  },
  {
    "value": "Maxis",
    "synonyms": [
      "Maxis",
      "maxis"
    ]
  },
  {
    "value": "MTV",
    "synonyms": [
      "MTV",
      "MTV Games",
      "mtv games"
    ]
  },
  {
    "value": "Hudson",
    "synonyms": [
      "Hudson",
      "hudson soft"
    ]
  },
  {
    "value": "Atari",
    "synonyms": [
      "Atari",
      "atari"
    ]
  },
  {
    "value": "Gathering Of Developers",
    "synonyms": [
      "Gathering Of Developers",
      "gathering of developers"
    ]
  },
  {
    "value": "Blizzard",
    "synonyms": [
      "Blizzard",
      "blizzard entretainment"
    ]
  },
  {
    "value": "Microsoft",
    "synonyms": [
      "Microsoft",
      "microsoft",
      "Microsoft game studios"
    ]
  },
  {
    "value": "Eidos",
    "synonyms": [
      "Eidos",
      "eidos",
      "eidos Montreal",
      "Eidos interactive"
    ]
  },
  {
    "value": "Koei",
    "synonyms": [
      "Koei",
      "tecmo-koei",
      "tecmo koei"
    ]
  },
  {
    "value": "Square",
    "synonyms": [
      "Square",
      "square"
    ]
  },
  {
    "value": "Enix",
    "synonyms": [
      "Enix",
      "enix"
    ]
  }
]