{"name":"GamesPerGenreAndYear","identifier":"RK1E4IV3FM","description":"Filtrar juegos por género y año","parentIntentSignature":null,"sampleUtterances":[{"utterance":"Which {Genero} sold the most in {Anyo} ?"},{"utterance":"What were the best-selling {Genero} in {Anyo} ?"},{"utterance":"Which {Genero} were the best sellers in {Anyo} ?"},{"utterance":"Tell me which {Genero} sold the most in {Anyo} ."},{"utterance":"Can you tell me which were the best-selling {Genero} of {Anyo} ?"},{"utterance":"Do you know which were the best-selling {Genero} of {Anyo} ?"},{"utterance":"Tell me which were the best-selling {Genero} of {Anyo} ."},{"utterance":"Wich were the best-selling {Genero} of {Anyo} ?"},{"utterance":"What are the best-selling {Genero} of {Anyo} ?"},{"utterance":"Best selling {Genero} games in {Anyo}"}],"intentConfirmationSetting":{"isActive":false,"declinationResponse":{"allowInterrupt":true,"messageGroupsList":[{"message":{"imageResponseCard":null,"ssmlMessage":null,"customPayload":null,"plainTextMessage":{"value":"qwqwqw"}},"variations":null}]},"promptSpecification":{"allowInterrupt":true,"messageGroupsList":[{"message":{"imageResponseCard":null,"ssmlMessage":null,"customPayload":null,"plainTextMessage":{"value":"wqwqwq"}},"variations":null}],"maxRetries":4,"messageSelectionStrategy":"Random"}},"intentClosingSetting":{"isActive":false,"closingResponse":{"allowInterrupt":true,"messageGroupsList":[{"message":{"imageResponseCard":null,"ssmlMessage":null,"customPayload":null,"plainTextMessage":{"value":"qwqwq"}},"variations":null}]}},"inputContexts":null,"outputContexts":null,"kendraConfiguration":null,"dialogCodeHook":null,"fulfillmentCodeHook":{"fulfillmentUpdatesSpecification":null,"postFulfillmentStatusSpecification":{"failureResponse":null,"timeoutResponse":null,"successResponse":{"allowInterrupt":true,"messageGroupsList":[{"message":{"imageResponseCard":null,"ssmlMessage":null,"customPayload":null,"plainTextMessage":{"value":"Quieres saber sobre los videojuegos de {Genero} más vendidos en {Anyo}, no?"}},"variations":null}]}},"enabled":true},"slotPriorities":[{"priority":2,"slotName":"Anyo"},{"priority":1,"slotName":"Genero"}]}