{"name":"TFGInfo","identifier":"JQBXPHNYLG","description":"Descripción del proyecto TFG","parentIntentSignature":null,"sampleUtterances":[{"utterance":"What does tfg mean?"},{"utterance":"Can you tell me what does \"TFG\" mean?"},{"utterance":"I don't understand what is a tfg"},{"utterance":"I don't know what a tfg is"},{"utterance":"TFG. What's that?"},{"utterance":"What is a \"tfg\"?"}],"intentConfirmationSetting":{"isActive":false,"declinationResponse":{"allowInterrupt":true,"messageGroupsList":[{"message":{"imageResponseCard":null,"ssmlMessage":null,"customPayload":null,"plainTextMessage":{"value":"wqwqw"}},"variations":null}]},"promptSpecification":{"allowInterrupt":true,"messageGroupsList":[{"message":{"imageResponseCard":null,"ssmlMessage":null,"customPayload":null,"plainTextMessage":{"value":"wqwqwq"}},"variations":null}],"maxRetries":4,"messageSelectionStrategy":"Random"}},"intentClosingSetting":{"isActive":false,"closingResponse":{"allowInterrupt":true,"messageGroupsList":[{"message":{"imageResponseCard":null,"ssmlMessage":null,"customPayload":null,"plainTextMessage":{"value":"qwqwqw"}},"variations":null}]}},"inputContexts":null,"outputContexts":null,"kendraConfiguration":null,"dialogCodeHook":null,"fulfillmentCodeHook":{"fulfillmentUpdatesSpecification":null,"postFulfillmentStatusSpecification":{"failureResponse":null,"timeoutResponse":null,"successResponse":{"allowInterrupt":true,"messageGroupsList":[{"message":{"imageResponseCard":null,"ssmlMessage":null,"customPayload":null,"plainTextMessage":{"value":"TFG stands for \"trabajo final de grado\" in spanish. It's  a project tha it's done at the end of career and it takes aproximately 300 hours."}},"variations":null}]}},"enabled":false},"slotPriorities":[]}