{"name":"NombreConsola","identifier":"M1YULNML4H","description":null,"slotTypeValues":[{"sampleValue":{"value":"Wii"},"synonyms":[{"value":"Wii"},{"value":"Nintendo Wii"},{"value":"the Wii"},{"value":"wii"},{"value":"Nintendo Revolution"},{"value":"RVL"}]},{"sampleValue":{"value":"NS"},"synonyms":[{"value":"Switch"},{"value":"Nintendo Switch"},{"value":"Nintendo NX"},{"value":"nintendo switch"},{"value":"switch"}]},{"sampleValue":{"value":"NES"},"synonyms":[{"value":"nes"},{"value":"Nintendo Entertainment System"},{"value":"nintendo entertainment system"},{"value":"Famicom"},{"value":"famicom"},{"value":"family computer"}]},{"sampleValue":{"value":"PC"},"synonyms":[{"value":"pc"},{"value":"laptop"},{"value":"personal computer"},{"value":"PC"},{"value":"my little war machine"}]},{"sampleValue":{"value":"GB"},"synonyms":[{"value":"Game Boy"},{"value":"game boy"},{"value":"Gameboy"},{"value":"GameBoy"},{"value":"Nintendo Game Boy"}]},{"sampleValue":{"value":"DS"},"synonyms":[{"value":"DS"},{"value":"Nintendo DS"},{"value":"nintendo ds"},{"value":"ds"}]},{"sampleValue":{"value":"X360"},"synonyms":[{"value":"X360"},{"value":"Xbox 360"},{"value":"xbox 360"},{"value":"xbox360"}]},{"sampleValue":{"value":"SNES"},"synonyms":[{"value":"SNES"},{"value":"snes"},{"value":"super nintendo"},{"value":"Super Nintendo"}]},{"sampleValue":{"value":"PS3"},"synonyms":[{"value":"PS3"},{"value":"ps3"},{"value":"Play 3"},{"value":"play 3"},{"value":"PlayStation 3"}]},{"sampleValue":{"value":"PS4"},"synonyms":[{"value":"PS4"},{"value":"ps4"},{"value":"play 4"},{"value":"Play 4"},{"value":"PlayStation 4"},{"value":"playstation 4"}]},{"sampleValue":{"value":"3DS"},"synonyms":[{"value":"3DS"},{"value":"3ds"},{"value":"Nintendo 3ds"},{"value":"Nintendo 3DS"},{"value":"nintendo 3ds"}]},{"sampleValue":{"value":"PS2"},"synonyms":[{"value":"PS2"},{"value":"ps2"},{"value":"Play 2"},{"value":"play 2"},{"value":"Playstation 2"},{"value":"playstation 2"}]},{"sampleValue":{"value":"GBA"},"synonyms":[{"value":"gba"},{"value":"GBA"},{"value":"gameboy advance"},{"value":"game boy advance"}]},{"sampleValue":{"value":"GEN"},"synonyms":[{"value":"GEN"},{"value":"sega genesis"},{"value":"sega mega drive"},{"value":"Sega Mega Drive"},{"value":"Genesis"},{"value":"genesis"}]},{"sampleValue":{"value":"N64"},"synonyms":[{"value":"nintendo 64"},{"value":"n64"},{"value":"N64"}]},{"sampleValue":{"value":"PS"},"synonyms":[{"value":"PSX"},{"value":"PS1"},{"value":"play 1"},{"value":"PlayStation 1"},{"value":"playstation 1"}]},{"sampleValue":{"value":"XOne"},"synonyms":[{"value":"XOne"},{"value":"Xbox One"},{"value":"xbox one"},{"value":"Xbox one"},{"value":"Xbox one S"},{"value":"Xbox one s"},{"value":"Xbox one X"},{"value":"Xbox one x"}]},{"sampleValue":{"value":"WiiU"},"synonyms":[{"value":"WiiU"},{"value":"Wiiu"},{"value":"wiiu"},{"value":"Nintendo Wii U"}]},{"sampleValue":{"value":"XB"},"synonyms":[{"value":"XB"},{"value":"XBox"},{"value":"Xbox"},{"value":"xbox"}]},{"sampleValue":{"value":"PSP"},"synonyms":[{"value":"PSP"},{"value":"psp"},{"value":"Sony PSP"}]},{"sampleValue":{"value":"2600"},"synonyms":[{"value":"2600"},{"value":"Atari 2600"},{"value":"atari 2600"}]},{"sampleValue":{"value":"GC"},"synonyms":[{"value":"GC"},{"value":"gc"},{"value":"Gamecube"},{"value":"GameCube"},{"value":"Game Cube"},{"value":"gamecube"}]},{"sampleValue":{"value":"GBC"},"synonyms":[{"value":"gbc"},{"value":"GBC"},{"value":"gameboy color"},{"value":"Game Boy Color"},{"value":"game boy color"}]},{"sampleValue":{"value":"iOS"},"synonyms":[{"value":"iOS"},{"value":"ios"},{"value":"iPhone"},{"value":"Mac"},{"value":"iPad"},{"value":"iphone"},{"value":"mac"},{"value":"ipad"}]},{"sampleValue":{"value":"PSN"},"synonyms":[{"value":"PSN"},{"value":"psn"}]},{"sampleValue":{"value":"PSV"},"synonyms":[{"value":"PSV"},{"value":"psv"},{"value":"PlayStation Vita"},{"value":"playstation vita"},{"value":"Vita"},{"value":"vita"}]},{"sampleValue":{"value":"DC"},"synonyms":[{"value":"Dreamcast"},{"value":"dreamcast"},{"value":"Sega Dreamcast"},{"value":"sega dreamcast"}]},{"sampleValue":{"value":"SAT"},"synonyms":[{"value":"sega saturn"},{"value":"saturn"}]},{"sampleValue":{"value":"PS5"},"synonyms":[{"value":"PS5"},{"value":"ps5"},{"value":"play 5"},{"value":"PlayStation 5"},{"value":"playstation 5"}]},{"sampleValue":{"value":"XS"},"synonyms":[{"value":"Xbox Series X"},{"value":"Xbox Series S"},{"value":"Xbox Series"},{"value":"Series X"},{"value":"Series S"},{"value":"Xbox X"},{"value":"xbox series s"}]}],"parentSlotTypeSignature":null,"valueSelectionSetting":{"regexFilter":null,"resolutionStrategy":"TOP_RESOLUTION"}}