{"name":"DatasetInfo","identifier":"0CZJW7HSJ8","description":"Descripción sobre la base de datos empleada","parentIntentSignature":null,"sampleUtterances":[{"utterance":"what dataset are you using?"},{"utterance":"Tell me about the dataset you're using"},{"utterance":"I want to know about the dataset you're using"},{"utterance":"what can you tell me about de database you're using?"},{"utterance":"what is the database you use about?"},{"utterance":"What dataset do u use?"},{"utterance":"What database do you use?"},{"utterance":"I want to know about the database you're using"}],"intentConfirmationSetting":{"isActive":false,"declinationResponse":{"allowInterrupt":true,"messageGroupsList":[{"message":{"imageResponseCard":null,"ssmlMessage":null,"customPayload":null,"plainTextMessage":{"value":"nana de locos"}},"variations":null}]},"promptSpecification":{"allowInterrupt":true,"messageGroupsList":[{"message":{"imageResponseCard":null,"ssmlMessage":null,"customPayload":null,"plainTextMessage":{"value":"locoo"}},"variations":null}],"maxRetries":4,"messageSelectionStrategy":"Random"}},"intentClosingSetting":{"isActive":false,"closingResponse":{"allowInterrupt":true,"messageGroupsList":[{"message":{"imageResponseCard":null,"ssmlMessage":null,"customPayload":null,"plainTextMessage":{"value":"wewwewe"}},"variations":null}]}},"inputContexts":null,"outputContexts":null,"kendraConfiguration":null,"dialogCodeHook":null,"fulfillmentCodeHook":{"fulfillmentUpdatesSpecification":null,"postFulfillmentStatusSpecification":{"failureResponse":null,"timeoutResponse":null,"successResponse":{"allowInterrupt":true,"messageGroupsList":[{"message":{"imageResponseCard":null,"ssmlMessage":null,"customPayload":null,"plainTextMessage":{"value":"I'm using a dataset about videgame sales. This dataset has info on the best-selling games, and adds columns like release year, developer and, of course,  sales, both globally and by region. C'mon, try it, ask me something, like \"what was the best-selling videogame of 2008?\""}},"variations":null}]}},"enabled":false},"slotPriorities":[]}