{"name":"GamesPerCompanyAndYear","identifier":"FXGF8WY73T","description":"Consultas con dos parámetros, compañía y año. Puedes limitar los resultados también","parentIntentSignature":null,"sampleUtterances":[{"utterance":"I want to know the games that {Compania} sold in {Anyo} ."},{"utterance":"Tell me the {Numero} best-selling games {Compania} distributed in {Anyo} . "},{"utterance":"Tell me the games sold by {Compania} in {Anyo}"},{"utterance":"Can you tell me which were the {Numero} best-selling games published by {Compania} in {Anyo} ?"},{"utterance":"What were the top {Numero} best-selling games distributed by {Compania} in {Anyo} ?"},{"utterance":"I want to know the top {Numero} best selling games by {Compania} in {Anyo}"},{"utterance":"{Compania} top {Numero} best-selling games in {Anyo}"},{"utterance":"List of {Compania} best-selling games in in {Anyo}"},{"utterance":"Which games did {Compania} distribute in {Anyo} ?"},{"utterance":"Give me the top {Numero} games {Compania} released in {Anyo}"},{"utterance":"Top {Numero} {Compania} games in {Anyo}"},{"utterance":"Top {Compania} games in {Anyo}"}],"intentConfirmationSetting":{"isActive":false,"declinationResponse":{"allowInterrupt":true,"messageGroupsList":[{"message":{"imageResponseCard":null,"ssmlMessage":null,"customPayload":null,"plainTextMessage":{"value":"wqwqwq"}},"variations":null}]},"promptSpecification":{"allowInterrupt":true,"messageGroupsList":[{"message":{"imageResponseCard":null,"ssmlMessage":null,"customPayload":null,"plainTextMessage":{"value":"wqwqwq"}},"variations":null}],"maxRetries":4,"messageSelectionStrategy":"Random"}},"intentClosingSetting":{"isActive":false,"closingResponse":{"allowInterrupt":true,"messageGroupsList":[{"message":{"imageResponseCard":null,"ssmlMessage":null,"customPayload":null,"plainTextMessage":{"value":"wqwqw"}},"variations":null}]}},"inputContexts":null,"outputContexts":null,"kendraConfiguration":null,"dialogCodeHook":null,"fulfillmentCodeHook":{"fulfillmentUpdatesSpecification":null,"postFulfillmentStatusSpecification":{"failureResponse":null,"timeoutResponse":null,"successResponse":{"allowInterrupt":true,"messageGroupsList":[{"message":{"imageResponseCard":null,"ssmlMessage":null,"customPayload":null,"plainTextMessage":{"value":"Quieres saber sobre los videojuegos más vendidos por {Compania} en {Anyo}, no?"}},"variations":null}]}},"enabled":true},"slotPriorities":[{"priority":1,"slotName":"Compania"},{"priority":3,"slotName":"Numero"},{"priority":2,"slotName":"Anyo"}]}