{"name":"GamesPerName","identifier":"GS5IXKHUWH","description":"Devuelve un juego dado el nombre","parentIntentSignature":null,"sampleUtterances":[{"utterance":"Info on {NombreJuego}"},{"utterance":"I want information about {NombreJuego}"},{"utterance":"Give me information on {NombreJuego}"},{"utterance":"Give me info on {NombreJuego}"},{"utterance":"Do you know anything about {NombreJuego} ?"},{"utterance":"What do you know about {NombreJuego} ?"},{"utterance":"I want to know about {NombreJuego}"},{"utterance":"I want info on {NombreJuego}"},{"utterance":"Give me information about {NombreJuego}"}],"intentConfirmationSetting":{"isActive":false,"declinationResponse":{"allowInterrupt":true,"messageGroupsList":[{"message":{"imageResponseCard":null,"ssmlMessage":null,"customPayload":null,"plainTextMessage":{"value":"qeqeqeq"}},"variations":null}]},"promptSpecification":{"allowInterrupt":true,"messageGroupsList":[{"message":{"imageResponseCard":null,"ssmlMessage":null,"customPayload":null,"plainTextMessage":{"value":"wqwqwq"}},"variations":null}],"maxRetries":4,"messageSelectionStrategy":"Random"}},"intentClosingSetting":null,"inputContexts":null,"outputContexts":null,"kendraConfiguration":null,"dialogCodeHook":null,"fulfillmentCodeHook":{"fulfillmentUpdatesSpecification":null,"postFulfillmentStatusSpecification":{"failureResponse":null,"timeoutResponse":null,"successResponse":{"allowInterrupt":true,"messageGroupsList":[{"message":{"imageResponseCard":null,"ssmlMessage":null,"customPayload":null,"plainTextMessage":{"value":"Quieres saber sobre {NombreJuego}, no?"}},"variations":null}]}},"enabled":true},"slotPriorities":[{"priority":1,"slotName":"NombreJuego"}]}