{"name":"DefaultWelcome","identifier":"IY6PYZHZ89","description":null,"parentIntentSignature":null,"sampleUtterances":[{"utterance":"howdy"},{"utterance":"just going to say hi"},{"utterance":"heya"},{"utterance":"hello hi"},{"utterance":"hey there"},{"utterance":"hi there"},{"utterance":"greetings"},{"utterance":"humble greetings"},{"utterance":"hey"},{"utterance":"long time no see"},{"utterance":"hello"},{"utterance":"hi"},{"utterance":"sup"}],"intentConfirmationSetting":{"isActive":false,"declinationResponse":{"allowInterrupt":true,"messageGroupsList":[{"message":{"imageResponseCard":null,"ssmlMessage":null,"customPayload":null,"plainTextMessage":{"value":"ye ye ye"}},"variations":null}]},"promptSpecification":{"allowInterrupt":true,"messageGroupsList":[{"message":{"imageResponseCard":null,"ssmlMessage":null,"customPayload":null,"plainTextMessage":{"value":"ya ya ya"}},"variations":null}],"maxRetries":4,"messageSelectionStrategy":"Random"}},"intentClosingSetting":{"isActive":false,"closingResponse":{"allowInterrupt":true,"messageGroupsList":[{"message":{"imageResponseCard":null,"ssmlMessage":null,"customPayload":null,"plainTextMessage":{"value":"eh eh eh"}},"variations":null}]}},"inputContexts":null,"outputContexts":null,"kendraConfiguration":null,"dialogCodeHook":null,"fulfillmentCodeHook":{"fulfillmentUpdatesSpecification":null,"postFulfillmentStatusSpecification":{"failureResponse":null,"timeoutResponse":null,"successResponse":{"allowInterrupt":true,"messageGroupsList":[{"message":{"imageResponseCard":null,"ssmlMessage":null,"customPayload":null,"plainTextMessage":{"value":"Hello! I'm TFGBot. I'm a virtual assistant and I provide information about videogame sales. C'mon, give it a try! Try typing \"I want info about Wii Sports\""}},"variations":null}]}},"enabled":false},"slotPriorities":[]}