{"name":"NombreCompania","identifier":"8YOTSMU8RE","description":"Listado de compañías","slotTypeValues":[{"sampleValue":{"value":"Sony"},"synonyms":null},{"sampleValue":{"value":"Rockstar"},"synonyms":null},{"sampleValue":{"value":"Nintendo"},"synonyms":null},{"sampleValue":{"value":"Electronic Arts"},"synonyms":null},{"sampleValue":{"value":"Activision"},"synonyms":null},{"sampleValue":{"value":"Bethesda"},"synonyms":null},{"sampleValue":{"value":"EA Sports"},"synonyms":null},{"sampleValue":{"value":"Sega"},"synonyms":null},{"sampleValue":{"value":"Square Enix"},"synonyms":null},{"sampleValue":{"value":"Ubisoft"},"synonyms":null},{"sampleValue":{"value":"THQ"},"synonyms":null},{"sampleValue":{"value":"Disney"},"synonyms":null},{"sampleValue":{"value":"Codemasters"},"synonyms":null},{"sampleValue":{"value":"Konami"},"synonyms":null},{"sampleValue":{"value":"2K"},"synonyms":null},{"sampleValue":{"value":"Capcom"},"synonyms":null},{"sampleValue":{"value":"Warner Bros."},"synonyms":null},{"sampleValue":{"value":"Namco"},"synonyms":null},{"sampleValue":{"value":"LucasArts"},"synonyms":null},{"sampleValue":{"value":"Number None"},"synonyms":null},{"sampleValue":{"value":"Devolver Digital"},"synonyms":null},{"sampleValue":{"value":"Maxis"},"synonyms":null},{"sampleValue":{"value":"MTV"},"synonyms":null},{"sampleValue":{"value":"Hudson"},"synonyms":null},{"sampleValue":{"value":"Atari"},"synonyms":null},{"sampleValue":{"value":"Gathering Of Developers"},"synonyms":null},{"sampleValue":{"value":"Blizzard"},"synonyms":null},{"sampleValue":{"value":"Microsoft"},"synonyms":null},{"sampleValue":{"value":"Eidos"},"synonyms":null},{"sampleValue":{"value":"Koei"},"synonyms":null},{"sampleValue":{"value":"Square"},"synonyms":null},{"sampleValue":{"value":"Enix"},"synonyms":null}],"parentSlotTypeSignature":null,"valueSelectionSetting":{"regexFilter":null,"resolutionStrategy":"ORIGINAL_VALUE"}}