{"name":"NombreGenero","identifier":"LSUASULGES","description":"Listado de géneros de videojuegos","slotTypeValues":[{"sampleValue":{"value":"Action"},"synonyms":[{"value":"Action"},{"value":"action games"},{"value":"survival"},{"value":"survival games"},{"value":"hack n slash"},{"value":"hack and slash"},{"value":"beat em up"},{"value":"beat 'em up"}]},{"sampleValue":{"value":"Action-Adventure"},"synonyms":[{"value":"Action-Adventure"},{"value":"action adventure games"},{"value":"metroidvania"},{"value":"action and adventure"},{"value":"action & adventure"}]},{"sampleValue":{"value":"Adventure"},"synonyms":[{"value":"Adventure"},{"value":"adventure games"},{"value":"graphic adventures"},{"value":"visual novels"}]},{"sampleValue":{"value":"Fighting"},"synonyms":[{"value":"Fighting"},{"value":"fighting games"},{"value":"versus fighting games"},{"value":"versus"},{"value":"versus games"}]},{"sampleValue":{"value":"Misc"},"synonyms":[{"value":"Misc"}]},{"sampleValue":{"value":"MMO"},"synonyms":[{"value":"MMO"},{"value":"mmo game"},{"value":"mmorpg"},{"value":"massively multiplayer online game"}]},{"sampleValue":{"value":"Music"},"synonyms":[{"value":"Music"},{"value":"musical games"},{"value":"dance games"},{"value":"Rhythm game"}]},{"sampleValue":{"value":"Party"},"synonyms":[{"value":"Party"},{"value":"mini games"},{"value":"party games"},{"value":"el smash"}]},{"sampleValue":{"value":"Platform"},"synonyms":[{"value":"Platform"},{"value":"platform games"},{"value":"platformers"},{"value":"climbing game"}]},{"sampleValue":{"value":"Puzzle"},"synonyms":[{"value":"Puzzle"},{"value":"puzzle games"}]},{"sampleValue":{"value":"Racing"},"synonyms":[{"value":"Racing"},{"value":"racing games"},{"value":"racing simulators"},{"value":"racing sim"},{"value":"car games"}]},{"sampleValue":{"value":"Role-Playing"},"synonyms":[{"value":"Role-Playing"},{"value":"role playing games"},{"value":"roleplaying games"},{"value":"roleplay"},{"value":"roleplaying"},{"value":"dungeons and dragons"},{"value":"rpg"},{"value":"action rpg"},{"value":"roguelike"},{"value":"JRPG"},{"value":"jrpg"},{"value":"RPG"},{"value":"role play"},{"value":"role playing games"}]},{"sampleValue":{"value":"Sandbox"},"synonyms":[{"value":"Sandbox"},{"value":"sandbox games"},{"value":"open-world games"},{"value":"open world games"},{"value":"creative"},{"value":"creative games"},{"value":"open world"},{"value":"sandbox"},{"value":"open world games"}]},{"sampleValue":{"value":"Shooter"},"synonyms":[{"value":"Shooter"},{"value":"shooter games"},{"value":"shooters"},{"value":"shoot 'em up"},{"value":"disparos"},{"value":" juegos de disparos"},{"value":"shooter"}]},{"sampleValue":{"value":"Simulation"},"synonyms":[{"value":"Simulation"},{"value":"simulation"},{"value":"simulation games"},{"value":"cms"},{"value":"construction and management sim"},{"value":"construction and management simulator"},{"value":"construction and management simulators"},{"value":"simulator"},{"value":"city building"},{"value":"life simulator"},{"value":"life simulator game"},{"value":"life sim"}]},{"sampleValue":{"value":" Sports"},"synonyms":[{"value":" Sports"},{"value":"sports games"}]},{"sampleValue":{"value":"Strategy"},"synonyms":[{"value":"Strategy"},{"value":"strategy games"},{"value":"4X games"},{"value":"4x games"},{"value":"auto chess"},{"value":"MOBA"},{"value":"RTS"},{"value":"real time strategy"},{"value":"rts"},{"value":"tower defense"},{"value":"turn based strategy"},{"value":"TBS"},{"value":"wargame"}]},{"sampleValue":{"value":"simulators"},"synonyms":null}],"parentSlotTypeSignature":null,"valueSelectionSetting":{"regexFilter":null,"resolutionStrategy":"TOP_RESOLUTION"}}