{"name":"VGPerYear","identifier":"TEAFOLTNYZ","description":"Devuleve el videojuego más vendido por el año pasado por parametro","parentIntentSignature":null,"sampleUtterances":[{"utterance":"What was the best-selling video game in {Year} ?"},{"utterance":"Tell me the best selling videogame of {Year}"},{"utterance":" I want to know the best selling game of {Year}"},{"utterance":" Tell me the video game that sold the most in {Year} "},{"utterance":"I want to know the game that sold the most in {Year}"},{"utterance":"Do you know which is the best-selling game of {Year} ?"},{"utterance":"Do you know the best-selling game of the year {Year} ?"},{"utterance":"Tell me about the best selling game of {Year}"},{"utterance":"What do you know about the game that sold the most in {Year} ?"},{"utterance":"Tell me about the most sold video game of {Year}"},{"utterance":"Get the best game of {Year}"},{"utterance":"Give me the best selling game of {Year}"},{"utterance":"Best selling game by year"}],"intentConfirmationSetting":{"isActive":false,"declinationResponse":{"allowInterrupt":true,"messageGroupsList":[{"message":{"imageResponseCard":null,"ssmlMessage":null,"customPayload":null,"plainTextMessage":{"value":"wqwqw"}},"variations":null}]},"promptSpecification":{"allowInterrupt":true,"messageGroupsList":[{"message":{"imageResponseCard":null,"ssmlMessage":null,"customPayload":null,"plainTextMessage":{"value":"Buscar el videojuego más vendido en {Year}, no?"}},"variations":null}],"maxRetries":4,"messageSelectionStrategy":"Random"}},"intentClosingSetting":{"isActive":false,"closingResponse":{"allowInterrupt":true,"messageGroupsList":[{"message":{"imageResponseCard":null,"ssmlMessage":null,"customPayload":null,"plainTextMessage":{"value":"qwqwq"}},"variations":null}]}},"inputContexts":null,"outputContexts":null,"kendraConfiguration":null,"dialogCodeHook":null,"fulfillmentCodeHook":{"fulfillmentUpdatesSpecification":null,"postFulfillmentStatusSpecification":{"failureResponse":null,"timeoutResponse":null,"successResponse":{"allowInterrupt":true,"messageGroupsList":[{"message":{"imageResponseCard":null,"ssmlMessage":null,"customPayload":null,"plainTextMessage":{"value":"Quieres saber sobre el videojuego más vendido en {Year}, no?"}},"variations":null}]}},"enabled":true},"slotPriorities":[{"priority":1,"slotName":"Year"}]}