{"name":"SalesByYear","identifier":"VYLRXBJXFC","description":"Te devuelve el año en el que más ventas se han realizado, filtrando por consola o compañía","parentIntentSignature":null,"sampleUtterances":[{"utterance":"Tell me the year in which there were the most {Consola} game sales"},{"utterance":"I want to know which year {Compania} sold the most games"},{"utterance":"Name the year in which the most {Consola}  games were sold"},{"utterance":"What was the year in which {Compania} sold the most games?"},{"utterance":"I want to know the year in which the most {Consola} games were sold."},{"utterance":"What was the year with the highest number of {Compania} games sold?"},{"utterance":"I want to know which is the year with the highest number of {Consola} games sold."},{"utterance":"I want to know which is the year with the highest number of {Compania} games sold"},{"utterance":"What is the year with the most sold games?"},{"utterance":"I want to know which year has sold the most games."},{"utterance":"In which year were the most games sold?"},{"utterance":"What was the year with the highest video game sales?"},{"utterance":"Which year was the highest selling year for {Consola} games?"},{"utterance":"Which year sold the most {Compania} games?"},{"utterance":"Tell me which year the most games were sold"}],"intentConfirmationSetting":{"isActive":false,"declinationResponse":{"allowInterrupt":true,"messageGroupsList":[{"message":{"imageResponseCard":null,"ssmlMessage":null,"customPayload":null,"plainTextMessage":{"value":"wqwqwqw"}},"variations":null}]},"promptSpecification":{"allowInterrupt":true,"messageGroupsList":[{"message":{"imageResponseCard":null,"ssmlMessage":null,"customPayload":null,"plainTextMessage":{"value":"wqwqw"}},"variations":null}],"maxRetries":4,"messageSelectionStrategy":"Random"}},"intentClosingSetting":{"isActive":false,"closingResponse":{"allowInterrupt":true,"messageGroupsList":[{"message":{"imageResponseCard":null,"ssmlMessage":null,"customPayload":null,"plainTextMessage":{"value":"qwqwqwq"}},"variations":null}]}},"inputContexts":null,"outputContexts":null,"kendraConfiguration":null,"dialogCodeHook":null,"fulfillmentCodeHook":{"fulfillmentUpdatesSpecification":null,"postFulfillmentStatusSpecification":{"failureResponse":null,"timeoutResponse":null,"successResponse":{"allowInterrupt":true,"messageGroupsList":[{"message":{"imageResponseCard":null,"ssmlMessage":null,"customPayload":null,"plainTextMessage":{"value":"Quieres saber sobre el año con más ventas, no?"}},"variations":[{"imageResponseCard":null,"ssmlMessage":null,"customPayload":null,"plainTextMessage":{"value":"Quieres saber sobre el año con más ventas de {Compania}, no?"}},{"imageResponseCard":null,"ssmlMessage":null,"customPayload":null,"plainTextMessage":{"value":"Quieres saber sobre el año con más ventas de {Consola}, no?"}}]}]}},"enabled":true},"slotPriorities":[{"priority":1,"slotName":"Compania"},{"priority":2,"slotName":"Consola"}]}