{"name":"ChatbotFunctions","identifier":"DZSRDSKZIA","description":"Funciones que puede hacer el chatbot","parentIntentSignature":null,"sampleUtterances":[{"utterance":"Tell me what you are capable of"},{"utterance":"Tell  me what you can do"},{"utterance":"What functions can you do?"},{"utterance":"What are you capable of?"},{"utterance":"Tell me all you can do"},{"utterance":"What can you do?"},{"utterance":"/functions"},{"utterance":"/help"},{"utterance":"I need help"},{"utterance":"help me"}],"intentConfirmationSetting":{"isActive":false,"declinationResponse":{"allowInterrupt":true,"messageGroupsList":[{"message":{"imageResponseCard":null,"ssmlMessage":null,"customPayload":null,"plainTextMessage":{"value":"wqwqwq"}},"variations":null}]},"promptSpecification":{"allowInterrupt":true,"messageGroupsList":[{"message":{"imageResponseCard":null,"ssmlMessage":null,"customPayload":null,"plainTextMessage":{"value":"qwqwq"}},"variations":null}],"maxRetries":4,"messageSelectionStrategy":"Random"}},"intentClosingSetting":{"isActive":false,"closingResponse":{"allowInterrupt":true,"messageGroupsList":[{"message":{"imageResponseCard":null,"ssmlMessage":null,"customPayload":null,"plainTextMessage":{"value":"qwqwqw"}},"variations":null}]}},"inputContexts":null,"outputContexts":null,"kendraConfiguration":null,"dialogCodeHook":null,"fulfillmentCodeHook":{"fulfillmentUpdatesSpecification":null,"postFulfillmentStatusSpecification":{"failureResponse":null,"timeoutResponse":null,"successResponse":{"allowInterrupt":true,"messageGroupsList":[{"message":{"imageResponseCard":null,"ssmlMessage":null,"customPayload":null,"plainTextMessage":{"value":"You can ask me about: - Information about a specific videogame. For example: \"Give me info about Symphony of the Night\" - I can answer you about which videogame was the best-selling in the year you tell me. \"Give me info about the game that sold the most en 2008\".  - You can ask me about the best-selling video games by console. \"Which video games were the best sellers on game boy?\" -I can answer you with the games that sold the most according to the genre and year you give me. \"What were the best-selling platform games of 1993? - I can answer about video games sold by a particular company in a particular year. You can limit the number of answers you want to appear in the result. \"What are the best-selling Nintendo video games in 2014? -I can also tell you the year in which the most video games were sold, and you can ask me to filter for which console or company. \"What was the year in which Konami sold the most video games?"}},"variations":null}]}},"enabled":false},"slotPriorities":[]}