[
  {
    "id": "a8fb440b-8fd0-46c8-bb92-df6473313ab3",
    "data": [
      {
        "text": "Give me the best selling game of ",
        "userDefined": false
      },
      {
        "text": "2015",
        "meta": "@sys.date-period",
        "alias": "date-period",
        "userDefined": true
      }
    ],
    "isTemplate": false,
    "count": 0,
    "lang": "en",
    "updated": 0
  },
  {
    "id": "c489abfa-7b4e-44f3-b8d8-f668f0b0b6b4",
    "data": [
      {
        "text": "Get the best game of ",
        "userDefined": false
      },
      {
        "text": "2003",
        "meta": "@sys.date-period",
        "alias": "date-period",
        "userDefined": true
      }
    ],
    "isTemplate": false,
    "count": 0,
    "lang": "en",
    "updated": 0
  },
  {
    "id": "f09d9b4f-8c16-43ff-8bb6-6612e64bbac1",
    "data": [
      {
        "text": "Tell me about the most sold video game of ",
        "userDefined": false
      },
      {
        "text": "2014",
        "meta": "@sys.date-period",
        "alias": "date-period",
        "userDefined": true
      }
    ],
    "isTemplate": false,
    "count": 0,
    "lang": "en",
    "updated": 0
  },
  {
    "id": "581d5aa0-05d1-4141-b986-77f9758e6450",
    "data": [
      {
        "text": "What do you know about the game that sold the most in ",
        "userDefined": false
      },
      {
        "text": "1998",
        "meta": "@sys.date-period",
        "alias": "date-period",
        "userDefined": true
      },
      {
        "text": "?",
        "userDefined": false
      }
    ],
    "isTemplate": false,
    "count": 0,
    "lang": "en",
    "updated": 0
  },
  {
    "id": "788f4d07-e903-4133-b6c9-926399d89973",
    "data": [
      {
        "text": "Tell me about the best selling game of ",
        "userDefined": false
      },
      {
        "text": "2005",
        "meta": "@sys.date-period",
        "alias": "date-period",
        "userDefined": true
      }
    ],
    "isTemplate": false,
    "count": 0,
    "lang": "en",
    "updated": 0
  },
  {
    "id": "79d01762-f467-4fe1-8ea8-64597f457fbe",
    "data": [
      {
        "text": "Do you know the best-selling game of the year ",
        "userDefined": false
      },
      {
        "text": "2014",
        "meta": "@sys.date-period",
        "alias": "date-period",
        "userDefined": true
      },
      {
        "text": "?",
        "userDefined": false
      }
    ],
    "isTemplate": false,
    "count": 0,
    "lang": "en",
    "updated": 0
  },
  {
    "id": "dd87d1f9-f6ce-4ac5-8297-c71ff2a3df5c",
    "data": [
      {
        "text": "Do you know which is the best-selling game of ",
        "userDefined": false
      },
      {
        "text": "2013",
        "meta": "@sys.date-period",
        "alias": "date-period",
        "userDefined": true
      },
      {
        "text": "?",
        "userDefined": false
      }
    ],
    "isTemplate": false,
    "count": 0,
    "lang": "en",
    "updated": 0
  },
  {
    "id": "1bd9def6-aa9f-40d6-88fd-8a95e52d0e08",
    "data": [
      {
        "text": "I want to know the game that sold the most in ",
        "userDefined": false
      },
      {
        "text": "1993",
        "meta": "@sys.date-period",
        "alias": "date-period",
        "userDefined": true
      }
    ],
    "isTemplate": false,
    "count": 0,
    "lang": "en",
    "updated": 0
  },
  {
    "id": "3f251fc1-8fa6-42ec-be49-e94b66d461ce",
    "data": [
      {
        "text": " Tell me the video game that sold the most in ",
        "userDefined": false
      },
      {
        "text": "2001",
        "meta": "@sys.date-period",
        "alias": "date-period",
        "userDefined": true
      }
    ],
    "isTemplate": false,
    "count": 0,
    "lang": "en",
    "updated": 0
  },
  {
    "id": "00d0a8de-6a71-4d2a-9753-114939ef7975",
    "data": [
      {
        "text": " I want to know the best selling game of ",
        "userDefined": false
      },
      {
        "text": "1996",
        "meta": "@sys.date-period",
        "alias": "date-period",
        "userDefined": true
      }
    ],
    "isTemplate": false,
    "count": 0,
    "lang": "en",
    "updated": 0
  },
  {
    "id": "0fae3012-4e20-4a85-81be-470ddfa5e0f1",
    "data": [
      {
        "text": "Tell me the best selling videogame of ",
        "userDefined": false
      },
      {
        "text": "2012",
        "meta": "@sys.date-period",
        "alias": "date-period",
        "userDefined": true
      }
    ],
    "isTemplate": false,
    "count": 0,
    "lang": "en",
    "updated": 0
  },
  {
    "id": "6629d8c8-39e1-4ee7-8915-fe04475aba91",
    "data": [
      {
        "text": "What was the best-selling video game in ",
        "userDefined": false
      },
      {
        "text": "2004",
        "meta": "@sys.date-period",
        "alias": "date-period",
        "userDefined": true
      },
      {
        "text": "?",
        "userDefined": false
      }
    ],
    "isTemplate": false,
    "count": 0,
    "lang": "en",
    "updated": 0
  }
]