[
  {
    "id": "ea9033d8-d430-45d9-9ee6-2922cc8d2763",
    "data": [
      {
        "text": "Tell me what you are capable of",
        "userDefined": false
      }
    ],
    "isTemplate": false,
    "count": 0,
    "lang": "en",
    "updated": 0
  },
  {
    "id": "8161ddaa-1f09-43a6-a489-726f4894e662",
    "data": [
      {
        "text": "Tell  me what you can do",
        "userDefined": false
      }
    ],
    "isTemplate": false,
    "count": 0,
    "lang": "en",
    "updated": 0
  },
  {
    "id": "d2fe8c16-a4b2-42fb-8b16-ee878d6deaf0",
    "data": [
      {
        "text": "What functions can you do?",
        "userDefined": false
      }
    ],
    "isTemplate": false,
    "count": 0,
    "lang": "en",
    "updated": 0
  },
  {
    "id": "028b534d-878c-4f88-8d32-9ce64e00e681",
    "data": [
      {
        "text": "What are you capable of?",
        "userDefined": false
      }
    ],
    "isTemplate": false,
    "count": 0,
    "lang": "en",
    "updated": 0
  },
  {
    "id": "0006033d-4bde-479e-a1c9-4434e201d401",
    "data": [
      {
        "text": "Tell me all you can do",
        "userDefined": false
      }
    ],
    "isTemplate": false,
    "count": 0,
    "lang": "en",
    "updated": 0
  },
  {
    "id": "0db475ee-2b29-4260-87ae-5b3caa905bc2",
    "data": [
      {
        "text": "What can you do?",
        "userDefined": false
      }
    ],
    "isTemplate": false,
    "count": 0,
    "lang": "en",
    "updated": 0
  }
]