[
  {
    "id": "e3c27fde-4d2b-401d-a1ee-e60be53c5f6c",
    "data": [
      {
        "text": "Let\u0027s talk about you",
        "userDefined": false
      }
    ],
    "isTemplate": false,
    "count": 0,
    "lang": "en",
    "updated": 0
  },
  {
    "id": "b3a652b3-d27a-4dc3-8200-ed1034af25a3",
    "data": [
      {
        "text": "I wanna know about you",
        "userDefined": false
      }
    ],
    "isTemplate": false,
    "count": 0,
    "lang": "en",
    "updated": 0
  },
  {
    "id": "3fb3c425-acdc-4356-9270-12eca2c4b911",
    "data": [
      {
        "text": "I want to know about yourself",
        "userDefined": false
      }
    ],
    "isTemplate": false,
    "count": 0,
    "lang": "en",
    "updated": 0
  },
  {
    "id": "7390d303-33f5-4882-babf-dc5c497fa1c9",
    "data": [
      {
        "text": "Tell me about yourself",
        "userDefined": false
      }
    ],
    "isTemplate": false,
    "count": 0,
    "lang": "en",
    "updated": 0
  },
  {
    "id": "7071ee02-78b9-4857-9955-22cbebc0e491",
    "data": [
      {
        "text": "Who are you?",
        "userDefined": false
      }
    ],
    "isTemplate": false,
    "count": 0,
    "lang": "en",
    "updated": 0
  },
  {
    "id": "3d25a1ec-bd69-4e63-93c1-e2cb2a0afd0d",
    "data": [
      {
        "text": "What are you?",
        "userDefined": false
      }
    ],
    "isTemplate": false,
    "count": 0,
    "lang": "en",
    "updated": 0
  }
]