[
  {
    "id": "9be19399-956c-4ad2-9483-f1a1f6f4a653",
    "data": [
      {
        "text": "what dataset are you using?",
        "userDefined": false
      }
    ],
    "isTemplate": false,
    "count": 0,
    "lang": "en",
    "updated": 0
  },
  {
    "id": "1c659969-cc53-40f0-9c4f-48e54d2c0298",
    "data": [
      {
        "text": "Tell me about the dataset you\u0027re using",
        "userDefined": false
      }
    ],
    "isTemplate": false,
    "count": 0,
    "lang": "en",
    "updated": 0
  },
  {
    "id": "2ddcdfb6-ed02-4196-9e9c-9b59adb7a0fa",
    "data": [
      {
        "text": "I want to know about the dataset you\u0027re using",
        "userDefined": false
      }
    ],
    "isTemplate": false,
    "count": 0,
    "lang": "en",
    "updated": 0
  },
  {
    "id": "a97e7016-5f51-4c7b-8c97-5492eca55314",
    "data": [
      {
        "text": "what can you tell me about de database you\u0027re using?",
        "userDefined": false
      }
    ],
    "isTemplate": false,
    "count": 0,
    "lang": "en",
    "updated": 0
  },
  {
    "id": "40cab786-2805-4fe4-aa02-9c1048b300ef",
    "data": [
      {
        "text": "what is the database you use about?",
        "userDefined": false
      }
    ],
    "isTemplate": false,
    "count": 0,
    "lang": "en",
    "updated": 0
  },
  {
    "id": "b1081801-3a2f-4083-976c-83c089730cab",
    "data": [
      {
        "text": "What dataset do u use?",
        "userDefined": false
      }
    ],
    "isTemplate": false,
    "count": 0,
    "lang": "en",
    "updated": 0
  },
  {
    "id": "9cb255f0-5e68-45fd-9a7e-dc756f4a520c",
    "data": [
      {
        "text": "What database do you use?",
        "userDefined": false
      }
    ],
    "isTemplate": false,
    "count": 0,
    "lang": "en",
    "updated": 0
  }
]