[
  {
    "id": "41bcec79-a079-46aa-8e79-493dd59488d6",
    "data": [
      {
        "text": "I want to know the games that ",
        "userDefined": false
      },
      {
        "text": "Disney",
        "meta": "@nombre-compania",
        "alias": "nombre-compania",
        "userDefined": false
      },
      {
        "text": " sold in ",
        "userDefined": false
      },
      {
        "text": "2005",
        "meta": "@sys.date-period",
        "alias": "date-period",
        "userDefined": false
      },
      {
        "text": ".",
        "userDefined": false
      }
    ],
    "isTemplate": false,
    "count": 0,
    "lang": "en",
    "updated": 0
  },
  {
    "id": "099f9b88-eabe-4fd3-970d-751be0ccd365",
    "data": [
      {
        "text": "Tell me the ",
        "userDefined": false
      },
      {
        "text": "3",
        "meta": "@sys.number",
        "alias": "number",
        "userDefined": true
      },
      {
        "text": " best-selling games ",
        "userDefined": false
      },
      {
        "text": "Nintendo",
        "meta": "@nombre-compania",
        "alias": "nombre-compania",
        "userDefined": true
      },
      {
        "text": " distributed in ",
        "userDefined": false
      },
      {
        "text": "2014",
        "meta": "@sys.date-period",
        "alias": "date-period",
        "userDefined": true
      },
      {
        "text": ".",
        "userDefined": false
      }
    ],
    "isTemplate": false,
    "count": 0,
    "lang": "en",
    "updated": 0
  },
  {
    "id": "01783188-b4df-4504-8c48-f61fffd9ec5e",
    "data": [
      {
        "text": "Tell me the games sold by ",
        "userDefined": false
      },
      {
        "text": "Sony",
        "meta": "@nombre-compania",
        "alias": "nombre-compania",
        "userDefined": true
      },
      {
        "text": " in ",
        "userDefined": false
      },
      {
        "text": "2014",
        "meta": "@sys.date-period",
        "alias": "date-period",
        "userDefined": true
      }
    ],
    "isTemplate": false,
    "count": 0,
    "lang": "en",
    "updated": 0
  },
  {
    "id": "9834ec44-e32f-48c6-93d3-86f7b558fcd5",
    "data": [
      {
        "text": "Can you tell me which were the ",
        "userDefined": false
      },
      {
        "text": "6",
        "meta": "@sys.number",
        "alias": "number",
        "userDefined": true
      },
      {
        "text": " best-selling games published by ",
        "userDefined": false
      },
      {
        "text": "EA",
        "meta": "@nombre-compania",
        "alias": "nombre-compania",
        "userDefined": true
      },
      {
        "text": " in ",
        "userDefined": false
      },
      {
        "text": "2006",
        "meta": "@sys.date-period",
        "alias": "date-period",
        "userDefined": true
      },
      {
        "text": "?",
        "userDefined": false
      }
    ],
    "isTemplate": false,
    "count": 0,
    "lang": "en",
    "updated": 0
  },
  {
    "id": "ef5a0774-5894-48b7-8b99-157d2ab1db45",
    "data": [
      {
        "text": "What were the top ",
        "userDefined": false
      },
      {
        "text": "5",
        "meta": "@sys.number",
        "alias": "number",
        "userDefined": true
      },
      {
        "text": " best-selling games distributed by ",
        "userDefined": false
      },
      {
        "text": "Ubisoft",
        "meta": "@nombre-compania",
        "alias": "nombre-compania",
        "userDefined": true
      },
      {
        "text": " in ",
        "userDefined": false
      },
      {
        "text": "2020",
        "meta": "@sys.date-period",
        "alias": "date-period",
        "userDefined": true
      },
      {
        "text": "?",
        "userDefined": false
      }
    ],
    "isTemplate": false,
    "count": 0,
    "lang": "en",
    "updated": 0
  },
  {
    "id": "88aca653-526b-4707-8ff5-faa1c7a9c860",
    "data": [
      {
        "text": "I want to know the top ",
        "userDefined": false
      },
      {
        "text": "7",
        "meta": "@sys.number",
        "alias": "number",
        "userDefined": true
      },
      {
        "text": " best selling games by ",
        "userDefined": false
      },
      {
        "text": "Sony",
        "meta": "@nombre-compania",
        "alias": "nombre-compania",
        "userDefined": true
      },
      {
        "text": " in ",
        "userDefined": false
      },
      {
        "text": "1999",
        "meta": "@sys.date-period",
        "alias": "date-period",
        "userDefined": true
      }
    ],
    "isTemplate": false,
    "count": 0,
    "lang": "en",
    "updated": 0
  },
  {
    "id": "23e66b8a-81bd-4ee6-ad11-58553123b272",
    "data": [
      {
        "text": "Sega",
        "meta": "@nombre-compania",
        "alias": "nombre-compania",
        "userDefined": true
      },
      {
        "text": "\u0027s top ",
        "userDefined": false
      },
      {
        "text": "10",
        "meta": "@sys.number",
        "alias": "number",
        "userDefined": true
      },
      {
        "text": " best-selling games in ",
        "userDefined": false
      },
      {
        "text": "2002",
        "meta": "@sys.date-period",
        "alias": "date-period",
        "userDefined": true
      }
    ],
    "isTemplate": false,
    "count": 0,
    "lang": "en",
    "updated": 0
  },
  {
    "id": "b1d0253c-aea4-4ac4-b0a5-066c47c2e7eb",
    "data": [
      {
        "text": "List of ",
        "userDefined": false
      },
      {
        "text": "Capcom",
        "meta": "@nombre-compania",
        "alias": "nombre-compania",
        "userDefined": true
      },
      {
        "text": "\u0027s best-selling games in in ",
        "userDefined": false
      },
      {
        "text": "2008",
        "meta": "@sys.date-period",
        "alias": "date-period",
        "userDefined": true
      }
    ],
    "isTemplate": false,
    "count": 0,
    "lang": "en",
    "updated": 0
  },
  {
    "id": "eb8b727f-0b72-4667-a993-9d2855459653",
    "data": [
      {
        "text": "Which games did ",
        "userDefined": false
      },
      {
        "text": "Square Enix",
        "meta": "@nombre-compania",
        "alias": "nombre-compania",
        "userDefined": true
      },
      {
        "text": " distribute in ",
        "userDefined": false
      },
      {
        "text": "2000",
        "meta": "@sys.date-period",
        "alias": "date-period",
        "userDefined": true
      },
      {
        "text": "?",
        "userDefined": false
      }
    ],
    "isTemplate": false,
    "count": 0,
    "lang": "en",
    "updated": 0
  },
  {
    "id": "2c70747c-f2a2-4306-8652-2ba4aaacd7c4",
    "data": [
      {
        "text": "Give me the top ",
        "userDefined": false
      },
      {
        "text": "3",
        "meta": "@sys.number",
        "alias": "number",
        "userDefined": true
      },
      {
        "text": " games ",
        "userDefined": false
      },
      {
        "text": "Nintendo",
        "meta": "@nombre-compania",
        "alias": "nombre-compania",
        "userDefined": true
      },
      {
        "text": " released in ",
        "userDefined": false
      },
      {
        "text": "2015",
        "meta": "@sys.date-period",
        "alias": "date-period",
        "userDefined": true
      }
    ],
    "isTemplate": false,
    "count": 0,
    "lang": "en",
    "updated": 0
  }
]