[
  {
    "id": "88d02661-58ba-45ba-8c40-56617e842e84",
    "data": [
      {
        "text": "Which ",
        "userDefined": false
      },
      {
        "text": "simulators",
        "meta": "@nombre-genero",
        "alias": "nombre-genero",
        "userDefined": true
      },
      {
        "text": " sold the most in ",
        "userDefined": false
      },
      {
        "text": "2020",
        "meta": "@sys.date-period",
        "alias": "date-period",
        "userDefined": true
      },
      {
        "text": "?",
        "userDefined": false
      }
    ],
    "isTemplate": false,
    "count": 0,
    "lang": "en",
    "updated": 0
  },
  {
    "id": "f3c3a260-03bf-46fe-8065-a1773d808569",
    "data": [
      {
        "text": "What were the best-selling ",
        "userDefined": false
      },
      {
        "text": "sports games",
        "meta": "@nombre-genero",
        "alias": "nombre-genero",
        "userDefined": true
      },
      {
        "text": " in ",
        "userDefined": false
      },
      {
        "text": "2021",
        "meta": "@sys.date-period",
        "alias": "date-period",
        "userDefined": true
      },
      {
        "text": "?",
        "userDefined": false
      }
    ],
    "isTemplate": false,
    "count": 0,
    "lang": "en",
    "updated": 0
  },
  {
    "id": "2955c517-722b-418f-b578-d45e0f6bb94a",
    "data": [
      {
        "text": "Which ",
        "userDefined": false
      },
      {
        "text": "open worlds",
        "meta": "@nombre-genero",
        "alias": "nombre-genero",
        "userDefined": true
      },
      {
        "text": " were the best sellers in ",
        "userDefined": false
      },
      {
        "text": "2015",
        "meta": "@sys.date-period",
        "alias": "date-period",
        "userDefined": true
      },
      {
        "text": "?",
        "userDefined": false
      }
    ],
    "isTemplate": false,
    "count": 0,
    "lang": "en",
    "updated": 0
  },
  {
    "id": "b337ac97-1b80-4c6c-9634-e895aa221835",
    "data": [
      {
        "text": "Tell me which ",
        "userDefined": false
      },
      {
        "text": "roguelikes",
        "meta": "@nombre-genero",
        "alias": "nombre-genero",
        "userDefined": true
      },
      {
        "text": " sold the most in ",
        "userDefined": false
      },
      {
        "text": "2009",
        "meta": "@sys.date-period",
        "alias": "date-period",
        "userDefined": true
      },
      {
        "text": ".",
        "userDefined": false
      }
    ],
    "isTemplate": false,
    "count": 0,
    "lang": "en",
    "updated": 0
  },
  {
    "id": "1bcec74a-d973-44ed-9963-3f21ffa211d8",
    "data": [
      {
        "text": "Tell me which ",
        "userDefined": false
      },
      {
        "text": "puzzle games",
        "meta": "@nombre-genero",
        "alias": "nombre-genero",
        "userDefined": true
      },
      {
        "text": " sold the most in ",
        "userDefined": false
      },
      {
        "text": "2010",
        "meta": "@sys.date-period",
        "alias": "date-period",
        "userDefined": true
      },
      {
        "text": ".",
        "userDefined": false
      }
    ],
    "isTemplate": false,
    "count": 0,
    "lang": "en",
    "updated": 0
  },
  {
    "id": "ab800663-ddb8-4ecb-a00c-763b6e8c66da",
    "data": [
      {
        "text": "Can you tell me which were the best-selling ",
        "userDefined": false
      },
      {
        "text": "shooting games",
        "meta": "@nombre-genero",
        "alias": "nombre-genero",
        "userDefined": true
      },
      {
        "text": " of ",
        "userDefined": false
      },
      {
        "text": "1998",
        "meta": "@sys.date-period",
        "alias": "date-period",
        "userDefined": true
      },
      {
        "text": "?",
        "userDefined": false
      }
    ],
    "isTemplate": false,
    "count": 0,
    "lang": "en",
    "updated": 0
  },
  {
    "id": "cdfb3df1-9b38-4d81-a1ff-ecfac8e927f8",
    "data": [
      {
        "text": "Do you know which were the best-selling ",
        "userDefined": false
      },
      {
        "text": "fightings",
        "meta": "@nombre-genero",
        "alias": "nombre-genero",
        "userDefined": true
      },
      {
        "text": " of ",
        "userDefined": false
      },
      {
        "text": "2002",
        "meta": "@sys.date-period",
        "alias": "date-period",
        "userDefined": true
      },
      {
        "text": "?",
        "userDefined": false
      }
    ],
    "isTemplate": false,
    "count": 0,
    "lang": "en",
    "updated": 0
  },
  {
    "id": "97831628-af18-4faa-91de-d8426d5d8c05",
    "data": [
      {
        "text": "Tell me which were the best-selling ",
        "userDefined": false
      },
      {
        "text": "racing games",
        "meta": "@nombre-genero",
        "alias": "nombre-genero",
        "userDefined": true
      },
      {
        "text": " of ",
        "userDefined": false
      },
      {
        "text": "2012",
        "meta": "@sys.date-period",
        "alias": "date-period",
        "userDefined": true
      },
      {
        "text": ".",
        "userDefined": false
      }
    ],
    "isTemplate": false,
    "count": 0,
    "lang": "en",
    "updated": 0
  },
  {
    "id": "1da5bf0c-5cb9-49d3-b029-f39b5ca26e0b",
    "data": [
      {
        "text": "Wich were the best-selling ",
        "userDefined": false
      },
      {
        "text": "platforms",
        "meta": "@nombre-genero",
        "alias": "nombre-genero",
        "userDefined": true
      },
      {
        "text": " of ",
        "userDefined": false
      },
      {
        "text": "2005",
        "meta": "@sys.date-period",
        "alias": "date-period",
        "userDefined": true
      },
      {
        "text": "?",
        "userDefined": false
      }
    ],
    "isTemplate": false,
    "count": 0,
    "lang": "en",
    "updated": 0
  },
  {
    "id": "eab55dcd-b87d-4ccf-b724-060b390e5637",
    "data": [
      {
        "text": "What are the best-selling ",
        "userDefined": false
      },
      {
        "text": "action games",
        "meta": "@nombre-genero",
        "alias": "nombre-genero",
        "userDefined": true
      },
      {
        "text": " of ",
        "userDefined": false
      },
      {
        "text": "2018",
        "meta": "@sys.date-period",
        "alias": "date-period",
        "userDefined": true
      },
      {
        "text": "?",
        "userDefined": false
      }
    ],
    "isTemplate": false,
    "count": 0,
    "lang": "en",
    "updated": 0
  }
]