[
  {
    "id": "8cab9501-e79d-4722-839e-118d9f8d2db6",
    "data": [
      {
        "text": "Give me the top-selling ",
        "userDefined": false
      },
      {
        "text": "Wii U",
        "meta": "@nombre-consola",
        "alias": "nombre-consola",
        "userDefined": true
      },
      {
        "text": " games",
        "userDefined": false
      }
    ],
    "isTemplate": false,
    "count": 0,
    "lang": "en",
    "updated": 0
  },
  {
    "id": "022399cc-cf40-47b2-bf32-7e7bd5c61348",
    "data": [
      {
        "text": "I want to know what games sold the most in ",
        "userDefined": false
      },
      {
        "text": "PlayStation 1",
        "meta": "@nombre-consola",
        "alias": "nombre-consola",
        "userDefined": true
      }
    ],
    "isTemplate": false,
    "count": 0,
    "lang": "en",
    "updated": 0
  },
  {
    "id": "88bbae6a-8182-4ea5-9bf1-f5d2eec47c03",
    "data": [
      {
        "text": "Tell me the best selling games on the ",
        "userDefined": false
      },
      {
        "text": "pc",
        "meta": "@nombre-consola",
        "alias": "nombre-consola",
        "userDefined": true
      }
    ],
    "isTemplate": false,
    "count": 0,
    "lang": "en",
    "updated": 0
  },
  {
    "id": "88ca9f29-29dc-4313-844e-d8206fa135d8",
    "data": [
      {
        "text": "I wanna know the best selling games of the ",
        "userDefined": false
      },
      {
        "text": "Super Nintendo",
        "meta": "@nombre-consola",
        "alias": "nombre-consola",
        "userDefined": false
      }
    ],
    "isTemplate": false,
    "count": 0,
    "lang": "en",
    "updated": 0
  },
  {
    "id": "3b51d84c-8201-489e-8b97-0ef40d19deea",
    "data": [
      {
        "text": "I want to know the best selling games of the ",
        "userDefined": false
      },
      {
        "text": "3ds",
        "meta": "@nombre-consola",
        "alias": "nombre-consola",
        "userDefined": true
      }
    ],
    "isTemplate": false,
    "count": 0,
    "lang": "en",
    "updated": 0
  },
  {
    "id": "cd5bc983-9258-48aa-9e61-e01b25bbb247",
    "data": [
      {
        "text": "What were the games that sold the most in ",
        "userDefined": false
      },
      {
        "text": "Sega saturn",
        "meta": "@nombre-consola",
        "alias": "nombre-consola",
        "userDefined": true
      },
      {
        "text": "?",
        "userDefined": false
      }
    ],
    "isTemplate": false,
    "count": 0,
    "lang": "en",
    "updated": 0
  },
  {
    "id": "7228ae85-b94d-4e5e-b030-3bf74228b260",
    "data": [
      {
        "text": "What are the games that have sold the most in ",
        "userDefined": false
      },
      {
        "text": "Xbox One",
        "meta": "@nombre-consola",
        "alias": "nombre-consola",
        "userDefined": true
      },
      {
        "text": "?",
        "userDefined": false
      }
    ],
    "isTemplate": false,
    "count": 0,
    "lang": "en",
    "updated": 0
  },
  {
    "id": "530289b3-057b-40e8-a729-eac0f0bf304e",
    "data": [
      {
        "text": "What were the best-selling ",
        "userDefined": false
      },
      {
        "text": "Game Boy Advance",
        "meta": "@nombre-consola",
        "alias": "nombre-consola",
        "userDefined": true
      },
      {
        "text": " games?",
        "userDefined": false
      }
    ],
    "isTemplate": false,
    "count": 0,
    "lang": "en",
    "updated": 0
  },
  {
    "id": "a30d80ad-7623-4474-bbaf-977e82102f18",
    "data": [
      {
        "text": "Give me the games that sold the most on ",
        "userDefined": false
      },
      {
        "text": "Playstation 2",
        "meta": "@nombre-consola",
        "alias": "nombre-consola",
        "userDefined": true
      }
    ],
    "isTemplate": false,
    "count": 0,
    "lang": "en",
    "updated": 0
  },
  {
    "id": "11bcce33-65f6-4d6d-9279-45051a2282df",
    "data": [
      {
        "text": "Tell me the games that sold the most on ",
        "userDefined": false
      },
      {
        "text": "Wii",
        "meta": "@nombre-consola",
        "alias": "nombre-consola",
        "userDefined": true
      }
    ],
    "isTemplate": false,
    "count": 0,
    "lang": "en",
    "updated": 0
  }
]