[
  {
    "id": "b97ffdd0-9356-44e9-8215-8044daa1da03",
    "data": [
      {
        "text": "What do you know about ",
        "userDefined": false
      },
      {
        "text": "Final Fantasy VI",
        "meta": "@sys.any",
        "alias": "any",
        "userDefined": true
      },
      {
        "text": "?",
        "userDefined": false
      }
    ],
    "isTemplate": false,
    "count": 0,
    "lang": "en",
    "updated": 0
  },
  {
    "id": "b2dcc33e-f8af-4969-8b86-e6a6998488d0",
    "data": [
      {
        "text": "Info on ",
        "userDefined": false
      },
      {
        "text": "Hollow Knight",
        "meta": "@sys.any",
        "alias": "any",
        "userDefined": true
      }
    ],
    "isTemplate": false,
    "count": 0,
    "lang": "en",
    "updated": 0
  },
  {
    "id": "7eb37c8f-9b69-4d07-b109-f1fbae1340fe",
    "data": [
      {
        "text": "I want information about ",
        "userDefined": false
      },
      {
        "text": "Guilty Gear Strive",
        "meta": "@sys.any",
        "alias": "any",
        "userDefined": true
      }
    ],
    "isTemplate": false,
    "count": 0,
    "lang": "en",
    "updated": 0
  },
  {
    "id": "6a147d95-ac0f-499d-a37e-14230811cfc5",
    "data": [
      {
        "text": "Give me information on ",
        "userDefined": false
      },
      {
        "text": "Yakuza Kiwami",
        "meta": "@sys.any",
        "alias": "any",
        "userDefined": true
      }
    ],
    "isTemplate": false,
    "count": 0,
    "lang": "en",
    "updated": 0
  },
  {
    "id": "426d525c-d32c-4b9c-9646-53f93486cf19",
    "data": [
      {
        "text": "Give me info on ",
        "userDefined": false
      },
      {
        "text": "Smash Bros Ultimate",
        "meta": "@sys.any",
        "alias": "any",
        "userDefined": true
      }
    ],
    "isTemplate": false,
    "count": 0,
    "lang": "en",
    "updated": 0
  },
  {
    "id": "61bedc8c-c46b-4dd7-b681-b1b99b42bd37",
    "data": [
      {
        "text": "Do you know anything about ",
        "userDefined": false
      },
      {
        "text": "Ocarina of Time",
        "meta": "@sys.any",
        "alias": "any",
        "userDefined": true
      },
      {
        "text": "?",
        "userDefined": false
      }
    ],
    "isTemplate": false,
    "count": 0,
    "lang": "en",
    "updated": 0
  },
  {
    "id": "45290f33-e077-4c78-a487-99ad6fc9a4ac",
    "data": [
      {
        "text": "What do you know about ",
        "userDefined": false
      },
      {
        "text": "Mario Galaxy 2",
        "meta": "@sys.any",
        "alias": "any",
        "userDefined": true
      },
      {
        "text": "?",
        "userDefined": false
      }
    ],
    "isTemplate": false,
    "count": 0,
    "lang": "en",
    "updated": 0
  },
  {
    "id": "b9104236-9323-454c-b502-4b7cebbec75b",
    "data": [
      {
        "text": "I want to know about ",
        "userDefined": false
      },
      {
        "text": "Metal Gear Solid 4",
        "meta": "@sys.any",
        "alias": "any",
        "userDefined": true
      }
    ],
    "isTemplate": false,
    "count": 0,
    "lang": "en",
    "updated": 0
  },
  {
    "id": "83bd97d8-c11f-4523-a0f2-8a6cbd117fc8",
    "data": [
      {
        "text": "I want info on ",
        "userDefined": false
      },
      {
        "text": "Castlevania 3",
        "meta": "@sys.any",
        "alias": "any",
        "userDefined": true
      }
    ],
    "isTemplate": false,
    "count": 0,
    "lang": "en",
    "updated": 0
  },
  {
    "id": "6e6b6b28-6d5d-4899-8472-b7eddc433678",
    "data": [
      {
        "text": "Give me information about ",
        "userDefined": false
      },
      {
        "text": "Crash Bandicoot 3",
        "meta": "@sys.any",
        "alias": "any",
        "userDefined": true
      }
    ],
    "isTemplate": false,
    "count": 0,
    "lang": "en",
    "updated": 0
  }
]