[
  {
    "id": "fd2195c2-9cca-49b9-871d-b035077609df",
    "data": [
      {
        "text": "Tell me the year in which there were the most ",
        "userDefined": false
      },
      {
        "text": "Xbox 360",
        "meta": "@nombre-consola",
        "alias": "nombre-consola",
        "userDefined": true
      },
      {
        "text": " game sales",
        "userDefined": false
      }
    ],
    "isTemplate": false,
    "count": 0,
    "lang": "en",
    "updated": 0
  },
  {
    "id": "3377bf6b-37ae-4119-a54c-b786d95e2f7d",
    "data": [
      {
        "text": "I want to know which year ",
        "userDefined": false
      },
      {
        "text": "Konami",
        "meta": "@nombre-compania",
        "alias": "nombre-compania",
        "userDefined": true
      },
      {
        "text": " sold the most games",
        "userDefined": false
      }
    ],
    "isTemplate": false,
    "count": 0,
    "lang": "en",
    "updated": 0
  },
  {
    "id": "62f92434-8dab-4324-96d7-417e746ae166",
    "data": [
      {
        "text": "Name the year in which the most ",
        "userDefined": false
      },
      {
        "text": "PC",
        "meta": "@nombre-consola",
        "alias": "nombre-consola",
        "userDefined": true
      },
      {
        "text": " games were sold",
        "userDefined": false
      }
    ],
    "isTemplate": false,
    "count": 0,
    "lang": "en",
    "updated": 0
  },
  {
    "id": "43f81a71-cb1f-4072-8b2e-0f9d67eba10a",
    "data": [
      {
        "text": "What was the year in which ",
        "userDefined": false
      },
      {
        "text": "Devolver",
        "meta": "@nombre-compania",
        "alias": "nombre-compania",
        "userDefined": true
      },
      {
        "text": " sold the most games?",
        "userDefined": false
      }
    ],
    "isTemplate": false,
    "count": 0,
    "lang": "en",
    "updated": 0
  },
  {
    "id": "01576f8c-525d-4872-91ea-afcf4fa50031",
    "data": [
      {
        "text": "I want to know the year in which the most ",
        "userDefined": false
      },
      {
        "text": "NES",
        "meta": "@nombre-consola",
        "alias": "nombre-consola",
        "userDefined": true
      },
      {
        "text": " games were sold.",
        "userDefined": false
      }
    ],
    "isTemplate": false,
    "count": 0,
    "lang": "en",
    "updated": 0
  },
  {
    "id": "2f9f6648-1799-4747-ad22-237a71280f44",
    "data": [
      {
        "text": "What was the year with the highest number of ",
        "userDefined": false
      },
      {
        "text": "Sony",
        "meta": "@nombre-compania",
        "alias": "nombre-compania",
        "userDefined": true
      },
      {
        "text": " games sold?",
        "userDefined": false
      }
    ],
    "isTemplate": false,
    "count": 0,
    "lang": "en",
    "updated": 0
  },
  {
    "id": "1f6059a2-c78d-42e8-a36e-c640cd933230",
    "data": [
      {
        "text": "I want to know which is the year with the highest number of ",
        "userDefined": false
      },
      {
        "text": "Play 2",
        "meta": "@nombre-consola",
        "alias": "nombre-consola",
        "userDefined": true
      },
      {
        "text": " games sold.",
        "userDefined": false
      }
    ],
    "isTemplate": false,
    "count": 0,
    "lang": "en",
    "updated": 0
  },
  {
    "id": "de3a6d31-eb39-4e8f-b083-5147871d0d80",
    "data": [
      {
        "text": "I want to know which is the year with the highest number of ",
        "userDefined": false
      },
      {
        "text": "Nintendo",
        "meta": "@nombre-compania",
        "alias": "nombre-compania",
        "userDefined": true
      },
      {
        "text": " games sold",
        "userDefined": false
      }
    ],
    "isTemplate": false,
    "count": 0,
    "lang": "en",
    "updated": 0
  },
  {
    "id": "1012e7e5-3420-4697-baf7-aa3404333be6",
    "data": [
      {
        "text": "I want to know which year has sold the most games.",
        "userDefined": false
      }
    ],
    "isTemplate": false,
    "count": 0,
    "lang": "en",
    "updated": 0
  },
  {
    "id": "afed39c6-ed75-451e-be02-3a74f72c2051",
    "data": [
      {
        "text": "What is the year with the most sold games?",
        "userDefined": false
      }
    ],
    "isTemplate": false,
    "count": 0,
    "lang": "en",
    "updated": 0
  },
  {
    "id": "e67a26f4-ebc1-44c2-8b94-3753dee93ac7",
    "data": [
      {
        "text": "Tell me which year the most games were sold",
        "userDefined": false
      }
    ],
    "isTemplate": false,
    "count": 0,
    "lang": "en",
    "updated": 0
  },
  {
    "id": "aac512ce-3719-4d2b-860c-2f1717cdf18d",
    "data": [
      {
        "text": "Which year sold the most ",
        "userDefined": false
      },
      {
        "text": "Capcom",
        "meta": "@nombre-compania",
        "alias": "nombre-compania",
        "userDefined": true
      },
      {
        "text": " games?",
        "userDefined": false
      }
    ],
    "isTemplate": false,
    "count": 0,
    "lang": "en",
    "updated": 0
  },
  {
    "id": "9fa633a4-5846-44ed-960c-3483200a86ff",
    "data": [
      {
        "text": "Which year was the highest selling year for ",
        "userDefined": false
      },
      {
        "text": "wii",
        "meta": "@nombre-consola",
        "alias": "nombre-consola",
        "userDefined": true
      },
      {
        "text": " games?",
        "userDefined": false
      }
    ],
    "isTemplate": false,
    "count": 0,
    "lang": "en",
    "updated": 0
  },
  {
    "id": "eaf12476-84c1-4fe7-85fa-24faa5d8bed3",
    "data": [
      {
        "text": "What was the year with the highest video game sales?",
        "userDefined": false
      }
    ],
    "isTemplate": false,
    "count": 0,
    "lang": "en",
    "updated": 0
  },
  {
    "id": "96292263-73a1-4d3e-8f60-427f1462b250",
    "data": [
      {
        "text": "In which year were the most games sold?",
        "userDefined": false
      }
    ],
    "isTemplate": false,
    "count": 0,
    "lang": "en",
    "updated": 0
  }
]