[
  {
    "id": "5eaba5d4-7ed1-44c7-a338-74d38dd00e57",
    "data": [
      {
        "text": "What does tfg mean?",
        "userDefined": false
      }
    ],
    "isTemplate": false,
    "count": 0,
    "lang": "en",
    "updated": 0
  },
  {
    "id": "d8d69c63-1f6f-407d-8490-0ef985d62025",
    "data": [
      {
        "text": "Can you tell me what does \"TFG\" mean?",
        "userDefined": false
      }
    ],
    "isTemplate": false,
    "count": 0,
    "lang": "en",
    "updated": 0
  },
  {
    "id": "547e7b04-a983-4463-b629-fc3e22fc4b80",
    "data": [
      {
        "text": "I don\u0027t understand what is a tfg",
        "userDefined": false
      }
    ],
    "isTemplate": false,
    "count": 0,
    "lang": "en",
    "updated": 0
  },
  {
    "id": "73b4ab6b-9c7d-4397-aaac-3fb31e26e037",
    "data": [
      {
        "text": "I don\u0027t know what a tfg is",
        "userDefined": false
      }
    ],
    "isTemplate": false,
    "count": 0,
    "lang": "en",
    "updated": 0
  },
  {
    "id": "5e0c9f05-7215-4dbf-a247-4547c8420754",
    "data": [
      {
        "text": "TFG. What\u0027s that?",
        "userDefined": false
      }
    ],
    "isTemplate": false,
    "count": 0,
    "lang": "en",
    "updated": 0
  },
  {
    "id": "46cef8e2-c0b3-46d9-8660-63aa340c0602",
    "data": [
      {
        "text": "What is a \"tfg\"?",
        "userDefined": false
      }
    ],
    "isTemplate": false,
    "count": 0,
    "lang": "en",
    "updated": 0
  }
]