{"name":"ChatbotInfo","identifier":"IFZ1XXFCQZ","description":"Info del propio chatbot","parentIntentSignature":null,"sampleUtterances":[{"utterance":"Let's talk about you"},{"utterance":"I wanna know about you"},{"utterance":"I want to know about yourself"},{"utterance":"Tell me about yourself"},{"utterance":"Who are you?"},{"utterance":"What are you?"}],"intentConfirmationSetting":{"isActive":false,"declinationResponse":{"allowInterrupt":true,"messageGroupsList":[{"message":{"imageResponseCard":null,"ssmlMessage":null,"customPayload":null,"plainTextMessage":{"value":"qwqwq"}},"variations":null}]},"promptSpecification":{"allowInterrupt":true,"messageGroupsList":[{"message":{"imageResponseCard":null,"ssmlMessage":null,"customPayload":null,"plainTextMessage":{"value":"wqwqw"}},"variations":null}],"maxRetries":4,"messageSelectionStrategy":"Random"}},"intentClosingSetting":{"isActive":false,"closingResponse":{"allowInterrupt":true,"messageGroupsList":[{"message":{"imageResponseCard":null,"ssmlMessage":null,"customPayload":null,"plainTextMessage":{"value":"wqwqwq"}},"variations":null}]}},"inputContexts":null,"outputContexts":null,"kendraConfiguration":null,"dialogCodeHook":null,"fulfillmentCodeHook":{"fulfillmentUpdatesSpecification":null,"postFulfillmentStatusSpecification":{"failureResponse":null,"timeoutResponse":null,"successResponse":{"allowInterrupt":true,"messageGroupsList":[{"message":{"imageResponseCard":null,"ssmlMessage":null,"customPayload":null,"plainTextMessage":{"value":"Hello! My name it's TFGBot. I know I know, very creative -_- Im an assistant with limited functionality, mostly becouse I'm part of a final grade project, where there will be 2 assistants more in different frameworks, so they can be compared"}},"variations":null}]}},"enabled":false},"slotPriorities":[]}